step	dice_multi
0	0.49585531687621776
1	0.49585531687621776
2	0.8733698711894475
3	0.8675139759520227
4	0.9020823629425682
5	0.8977042821987037
6	0.9083166724697556
7	0.9064772105577622
8	0.9068796185469645
