step	dice_multi
0	0.49585531687621776
1	0.49585531687621776
2	0.49585531687621776
3	0.7013725814782086
4	0.8209833907520268
5	0.8936459286940384
6	0.8866772752909513
7	0.8461733725386578
8	0.8428750003350249
