step	dice_multi
0	0.49585531687621776
1	0.49585531687621776
2	0.49585531687621776
3	0.49890776574810536
4	0.8357028009012992
5	0.8185988272715401
6	0.8825608896941937
7	0.8799884689773688
8	0.8824047856165858
