step	loss
0	0.07898508757352829
1	0.05076388269662857
2	0.032163701951503754
3	0.028844164684414864
4	0.019420355558395386
5	0.019508864730596542
6	0.01806088164448738
7	0.018748020753264427
8	0.01869073137640953
