step	loss
0	0.5513103604316711
1	0.08432213962078094
2	0.0869213417172432
3	0.04217102378606796
4	0.04229148104786873
5	0.022339874878525734
6	0.027889853343367577
7	0.027154212817549706
8	0.027089906856417656
