step	loss
0	0.07898511737585068
1	0.050763990730047226
2	0.032167740166187286
3	0.028855476528406143
4	0.019412631168961525
5	0.019496316090226173
6	0.018067259341478348
7	0.018756994977593422
8	0.018695324659347534
