step	loss
0	0.7742710709571838
1	0.1266144961118698
2	0.10149001330137253
3	0.05555793642997742
4	0.037075407803058624
5	0.041817035526037216
6	0.025080488994717598
7	0.024587396532297134
8	0.02439144439995289
