step	loss
0	0.32551681995391846
1	0.07961637526750565
2	0.05946027487516403
3	0.049354102462530136
4	0.042053259909152985
5	0.03685001656413078
6	0.03302567079663277
7	0.030145427212119102
8	0.02801920473575592
