step	loss
0	0.32551687955856323
1	0.07961617410182953
2	0.059459853917360306
3	0.0493491031229496
4	0.042047347873449326
5	0.03684519603848457
6	0.03302088752388954
7	0.030140729621052742
8	0.02801409363746643
