step	loss
0	0.48146381974220276
1	0.15145444869995117
2	0.12718330323696136
3	0.1052442118525505
4	0.08757806569337845
5	0.07607651501893997
6	0.06703336536884308
7	0.06026240065693855
8	0.055101390928030014
