{
    "train": {
        "loss": 0.02801409363746643
    },
    "eval": {
        "loss": 0.01869073137640953
    },
    "dice_multi": 0.9068796185469645,
    "step": 8
}
