{
    "train": {
        "loss": 0.06773708760738373
    },
    "eval": {
        "loss": 0.02439144439995289
    },
    "dice_multi": 0.8824047856165858,
    "step": 8
}
