{
    "train": {
        "loss": 0.02801920473575592
    },
    "eval": {
        "loss": 0.018695324659347534
    },
    "dice_multi": 0.9067794072364788,
    "step": 8
}
