{
    "train": {
        "loss": 0.055101390928030014
    },
    "eval": {
        "loss": 0.027089906856417656
    },
    "dice_multi": 0.8428750003350249,
    "step": 8
}
